DROP TABLE IF EXISTS t1;
CREATE TABLE t1 (c1 INT, INDEX(c1));
INSERT INTO t1 VALUES (0), (1), (2), (3), (4), (5), (NULL);
EXPLAIN SELECT * FROM t1 WHERE c1 = 2 ;
id	select_type	table	type	possible_keys	key	key_len	ref	rows	Extra
1	SIMPLE	t1	ref	c1	c1	5	const	7	Using where; Using index
EXPLAIN SELECT * FROM t1 WHERE c1 < 2 ;
id	select_type	table	type	possible_keys	key	key_len	ref	rows	Extra
1	SIMPLE	t1	index	c1	c1	5	NULL	7	Using where; Using index
EXPLAIN SELECT * FROM t1 WHERE c1 > 2 ;
id	select_type	table	type	possible_keys	key	key_len	ref	rows	Extra
1	SIMPLE	t1	index	c1	c1	5	NULL	7	Using where; Using index
EXPLAIN SELECT * FROM t1 WHERE c1 <= 2 ;
id	select_type	table	type	possible_keys	key	key_len	ref	rows	Extra
1	SIMPLE	t1	index	c1	c1	5	NULL	7	Using where; Using index
EXPLAIN SELECT * FROM t1 WHERE c1 >= 2 ;
id	select_type	table	type	possible_keys	key	key_len	ref	rows	Extra
1	SIMPLE	t1	index	c1	c1	5	NULL	7	Using where; Using index
EXPLAIN SELECT * FROM t1 WHERE c1 <=> 2 ;
id	select_type	table	type	possible_keys	key	key_len	ref	rows	Extra
1	SIMPLE	t1	ref	c1	c1	5	const	7	Using where; Using index
EXPLAIN SELECT * FROM t1 WHERE c1 != 2 ;
id	select_type	table	type	possible_keys	key	key_len	ref	rows	Extra
1	SIMPLE	t1	index	c1	c1	5	NULL	7	Using where; Using index
EXPLAIN SELECT * FROM t1 WHERE c1 <> 2 ;
id	select_type	table	type	possible_keys	key	key_len	ref	rows	Extra
1	SIMPLE	t1	index	c1	c1	5	NULL	7	Using where; Using index
EXPLAIN SELECT * FROM t1 WHERE c1 IS NULL ;
id	select_type	table	type	possible_keys	key	key_len	ref	rows	Extra
1	SIMPLE	t1	ref	c1	c1	5	const	7	Using where; Using index
EXPLAIN SELECT * FROM t1 WHERE c1 IS NOT NULL ;
id	select_type	table	type	possible_keys	key	key_len	ref	rows	Extra
1	SIMPLE	t1	index	c1	c1	5	NULL	7	Using where; Using index
EXPLAIN SELECT * FROM t1 ;
id	select_type	table	type	possible_keys	key	key_len	ref	rows	Extra
1	SIMPLE	t1	index	NULL	c1	5	NULL	7	Using index
EXPLAIN SELECT * FROM t1 WHERE c1 = 2 LIMIT 10;
id	select_type	table	type	possible_keys	key	key_len	ref	rows	Extra
1	SIMPLE	t1	ref	c1	c1	5	const	7	Using where; Using index
EXPLAIN SELECT * FROM t1 WHERE c1 < 2 LIMIT 10;
id	select_type	table	type	possible_keys	key	key_len	ref	rows	Extra
1	SIMPLE	t1	index	c1	c1	5	NULL	7	Using where; Using index
EXPLAIN SELECT * FROM t1 WHERE c1 > 2 LIMIT 10;
id	select_type	table	type	possible_keys	key	key_len	ref	rows	Extra
1	SIMPLE	t1	index	c1	c1	5	NULL	7	Using where; Using index
EXPLAIN SELECT * FROM t1 WHERE c1 <= 2 LIMIT 10;
id	select_type	table	type	possible_keys	key	key_len	ref	rows	Extra
1	SIMPLE	t1	index	c1	c1	5	NULL	7	Using where; Using index
EXPLAIN SELECT * FROM t1 WHERE c1 >= 2 LIMIT 10;
id	select_type	table	type	possible_keys	key	key_len	ref	rows	Extra
1	SIMPLE	t1	index	c1	c1	5	NULL	7	Using where; Using index
EXPLAIN SELECT * FROM t1 WHERE c1 <=> 2 LIMIT 10;
id	select_type	table	type	possible_keys	key	key_len	ref	rows	Extra
1	SIMPLE	t1	ref	c1	c1	5	const	7	Using where; Using index
EXPLAIN SELECT * FROM t1 WHERE c1 != 2 LIMIT 10;
id	select_type	table	type	possible_keys	key	key_len	ref	rows	Extra
1	SIMPLE	t1	index	c1	c1	5	NULL	7	Using where; Using index
EXPLAIN SELECT * FROM t1 WHERE c1 <> 2 LIMIT 10;
id	select_type	table	type	possible_keys	key	key_len	ref	rows	Extra
1	SIMPLE	t1	index	c1	c1	5	NULL	7	Using where; Using index
EXPLAIN SELECT * FROM t1 WHERE c1 IS NULL LIMIT 10;
id	select_type	table	type	possible_keys	key	key_len	ref	rows	Extra
1	SIMPLE	t1	ref	c1	c1	5	const	7	Using where; Using index
EXPLAIN SELECT * FROM t1 WHERE c1 IS NOT NULL LIMIT 10;
id	select_type	table	type	possible_keys	key	key_len	ref	rows	Extra
1	SIMPLE	t1	index	c1	c1	5	NULL	7	Using where; Using index
EXPLAIN SELECT * FROM t1 LIMIT 10;
id	select_type	table	type	possible_keys	key	key_len	ref	rows	Extra
1	SIMPLE	t1	index	NULL	c1	5	NULL	7	Using index
EXPLAIN SELECT * FROM t1 WHERE c1 = 2 ORDER BY c1 ASC;
id	select_type	table	type	possible_keys	key	key_len	ref	rows	Extra
1	SIMPLE	t1	ref	c1	c1	5	const	7	Using where; Using index
EXPLAIN SELECT * FROM t1 WHERE c1 < 2 ORDER BY c1 ASC;
id	select_type	table	type	possible_keys	key	key_len	ref	rows	Extra
1	SIMPLE	t1	index	c1	c1	5	NULL	7	Using where; Using index
EXPLAIN SELECT * FROM t1 WHERE c1 > 2 ORDER BY c1 ASC;
id	select_type	table	type	possible_keys	key	key_len	ref	rows	Extra
1	SIMPLE	t1	index	c1	c1	5	NULL	7	Using where; Using index
EXPLAIN SELECT * FROM t1 WHERE c1 <= 2 ORDER BY c1 ASC;
id	select_type	table	type	possible_keys	key	key_len	ref	rows	Extra
1	SIMPLE	t1	index	c1	c1	5	NULL	7	Using where; Using index
EXPLAIN SELECT * FROM t1 WHERE c1 >= 2 ORDER BY c1 ASC;
id	select_type	table	type	possible_keys	key	key_len	ref	rows	Extra
1	SIMPLE	t1	index	c1	c1	5	NULL	7	Using where; Using index
EXPLAIN SELECT * FROM t1 WHERE c1 <=> 2 ORDER BY c1 ASC;
id	select_type	table	type	possible_keys	key	key_len	ref	rows	Extra
1	SIMPLE	t1	ref	c1	c1	5	const	7	Using where; Using index
EXPLAIN SELECT * FROM t1 WHERE c1 != 2 ORDER BY c1 ASC;
id	select_type	table	type	possible_keys	key	key_len	ref	rows	Extra
1	SIMPLE	t1	index	c1	c1	5	NULL	7	Using where; Using index
EXPLAIN SELECT * FROM t1 WHERE c1 <> 2 ORDER BY c1 ASC;
id	select_type	table	type	possible_keys	key	key_len	ref	rows	Extra
1	SIMPLE	t1	index	c1	c1	5	NULL	7	Using where; Using index
EXPLAIN SELECT * FROM t1 WHERE c1 IS NULL ORDER BY c1 ASC;
id	select_type	table	type	possible_keys	key	key_len	ref	rows	Extra
1	SIMPLE	t1	ref	c1	c1	5	const	7	Using where; Using index; Using filesort
EXPLAIN SELECT * FROM t1 WHERE c1 IS NOT NULL ORDER BY c1 ASC;
id	select_type	table	type	possible_keys	key	key_len	ref	rows	Extra
1	SIMPLE	t1	index	c1	c1	5	NULL	7	Using where; Using index
EXPLAIN SELECT * FROM t1 ORDER BY c1 ASC;
id	select_type	table	type	possible_keys	key	key_len	ref	rows	Extra
1	SIMPLE	t1	index	NULL	c1	5	NULL	7	Using index
EXPLAIN SELECT * FROM t1 WHERE c1 = 2 ORDER BY c1 DESC;
id	select_type	table	type	possible_keys	key	key_len	ref	rows	Extra
1	SIMPLE	t1	ref	c1	c1	5	const	7	Using where; Using index
EXPLAIN SELECT * FROM t1 WHERE c1 < 2 ORDER BY c1 DESC;
id	select_type	table	type	possible_keys	key	key_len	ref	rows	Extra
1	SIMPLE	t1	index	c1	c1	5	NULL	7	Using where; Using index
EXPLAIN SELECT * FROM t1 WHERE c1 > 2 ORDER BY c1 DESC;
id	select_type	table	type	possible_keys	key	key_len	ref	rows	Extra
1	SIMPLE	t1	index	c1	c1	5	NULL	7	Using where; Using index
EXPLAIN SELECT * FROM t1 WHERE c1 <= 2 ORDER BY c1 DESC;
id	select_type	table	type	possible_keys	key	key_len	ref	rows	Extra
1	SIMPLE	t1	index	c1	c1	5	NULL	7	Using where; Using index
EXPLAIN SELECT * FROM t1 WHERE c1 >= 2 ORDER BY c1 DESC;
id	select_type	table	type	possible_keys	key	key_len	ref	rows	Extra
1	SIMPLE	t1	index	c1	c1	5	NULL	7	Using where; Using index
EXPLAIN SELECT * FROM t1 WHERE c1 <=> 2 ORDER BY c1 DESC;
id	select_type	table	type	possible_keys	key	key_len	ref	rows	Extra
1	SIMPLE	t1	ref	c1	c1	5	const	7	Using where; Using index
EXPLAIN SELECT * FROM t1 WHERE c1 != 2 ORDER BY c1 DESC;
id	select_type	table	type	possible_keys	key	key_len	ref	rows	Extra
1	SIMPLE	t1	index	c1	c1	5	NULL	7	Using where; Using index
EXPLAIN SELECT * FROM t1 WHERE c1 <> 2 ORDER BY c1 DESC;
id	select_type	table	type	possible_keys	key	key_len	ref	rows	Extra
1	SIMPLE	t1	index	c1	c1	5	NULL	7	Using where; Using index
EXPLAIN SELECT * FROM t1 WHERE c1 IS NULL ORDER BY c1 DESC;
id	select_type	table	type	possible_keys	key	key_len	ref	rows	Extra
1	SIMPLE	t1	ref	c1	c1	5	const	7	Using where; Using index; Using filesort
EXPLAIN SELECT * FROM t1 WHERE c1 IS NOT NULL ORDER BY c1 DESC;
id	select_type	table	type	possible_keys	key	key_len	ref	rows	Extra
1	SIMPLE	t1	index	c1	c1	5	NULL	7	Using where; Using index
EXPLAIN SELECT * FROM t1 ORDER BY c1 DESC;
id	select_type	table	type	possible_keys	key	key_len	ref	rows	Extra
1	SIMPLE	t1	index	NULL	c1	5	NULL	7	Using index
EXPLAIN SELECT * FROM t1 WHERE c1 = 2 ORDER BY c1 ASC LIMIT 10;
id	select_type	table	type	possible_keys	key	key_len	ref	rows	Extra
1	SIMPLE	t1	ref	c1	c1	5	const	7	Using where; Using index
EXPLAIN SELECT * FROM t1 WHERE c1 < 2 ORDER BY c1 ASC LIMIT 10;
id	select_type	table	type	possible_keys	key	key_len	ref	rows	Extra
1	SIMPLE	t1	index	c1	c1	5	NULL	7	Using where; Using index
EXPLAIN SELECT * FROM t1 WHERE c1 > 2 ORDER BY c1 ASC LIMIT 10;
id	select_type	table	type	possible_keys	key	key_len	ref	rows	Extra
1	SIMPLE	t1	index	c1	c1	5	NULL	7	Using where; Using index
EXPLAIN SELECT * FROM t1 WHERE c1 <= 2 ORDER BY c1 ASC LIMIT 10;
id	select_type	table	type	possible_keys	key	key_len	ref	rows	Extra
1	SIMPLE	t1	index	c1	c1	5	NULL	7	Using where; Using index
EXPLAIN SELECT * FROM t1 WHERE c1 >= 2 ORDER BY c1 ASC LIMIT 10;
id	select_type	table	type	possible_keys	key	key_len	ref	rows	Extra
1	SIMPLE	t1	index	c1	c1	5	NULL	7	Using where; Using index
EXPLAIN SELECT * FROM t1 WHERE c1 <=> 2 ORDER BY c1 ASC LIMIT 10;
id	select_type	table	type	possible_keys	key	key_len	ref	rows	Extra
1	SIMPLE	t1	ref	c1	c1	5	const	7	Using where; Using index
EXPLAIN SELECT * FROM t1 WHERE c1 != 2 ORDER BY c1 ASC LIMIT 10;
id	select_type	table	type	possible_keys	key	key_len	ref	rows	Extra
1	SIMPLE	t1	index	c1	c1	5	NULL	7	Using where; Using index
EXPLAIN SELECT * FROM t1 WHERE c1 <> 2 ORDER BY c1 ASC LIMIT 10;
id	select_type	table	type	possible_keys	key	key_len	ref	rows	Extra
1	SIMPLE	t1	index	c1	c1	5	NULL	7	Using where; Using index
EXPLAIN SELECT * FROM t1 WHERE c1 IS NULL ORDER BY c1 ASC LIMIT 10;
id	select_type	table	type	possible_keys	key	key_len	ref	rows	Extra
1	SIMPLE	t1	ref	c1	c1	5	const	7	Using where; Using index; Using filesort
EXPLAIN SELECT * FROM t1 WHERE c1 IS NOT NULL ORDER BY c1 ASC LIMIT 10;
id	select_type	table	type	possible_keys	key	key_len	ref	rows	Extra
1	SIMPLE	t1	index	c1	c1	5	NULL	7	Using where; Using index
EXPLAIN SELECT * FROM t1 ORDER BY c1 ASC LIMIT 10;
id	select_type	table	type	possible_keys	key	key_len	ref	rows	Extra
1	SIMPLE	t1	index	NULL	c1	5	NULL	7	Using index
EXPLAIN SELECT * FROM t1 WHERE c1 = 2 ORDER BY c1 DESC LIMIT 10;
id	select_type	table	type	possible_keys	key	key_len	ref	rows	Extra
1	SIMPLE	t1	ref	c1	c1	5	const	7	Using where; Using index
EXPLAIN SELECT * FROM t1 WHERE c1 < 2 ORDER BY c1 DESC LIMIT 10;
id	select_type	table	type	possible_keys	key	key_len	ref	rows	Extra
1	SIMPLE	t1	index	c1	c1	5	NULL	7	Using where; Using index
EXPLAIN SELECT * FROM t1 WHERE c1 > 2 ORDER BY c1 DESC LIMIT 10;
id	select_type	table	type	possible_keys	key	key_len	ref	rows	Extra
1	SIMPLE	t1	index	c1	c1	5	NULL	7	Using where; Using index
EXPLAIN SELECT * FROM t1 WHERE c1 <= 2 ORDER BY c1 DESC LIMIT 10;
id	select_type	table	type	possible_keys	key	key_len	ref	rows	Extra
1	SIMPLE	t1	index	c1	c1	5	NULL	7	Using where; Using index
EXPLAIN SELECT * FROM t1 WHERE c1 >= 2 ORDER BY c1 DESC LIMIT 10;
id	select_type	table	type	possible_keys	key	key_len	ref	rows	Extra
1	SIMPLE	t1	index	c1	c1	5	NULL	7	Using where; Using index
EXPLAIN SELECT * FROM t1 WHERE c1 <=> 2 ORDER BY c1 DESC LIMIT 10;
id	select_type	table	type	possible_keys	key	key_len	ref	rows	Extra
1	SIMPLE	t1	ref	c1	c1	5	const	7	Using where; Using index
EXPLAIN SELECT * FROM t1 WHERE c1 != 2 ORDER BY c1 DESC LIMIT 10;
id	select_type	table	type	possible_keys	key	key_len	ref	rows	Extra
1	SIMPLE	t1	index	c1	c1	5	NULL	7	Using where; Using index
EXPLAIN SELECT * FROM t1 WHERE c1 <> 2 ORDER BY c1 DESC LIMIT 10;
id	select_type	table	type	possible_keys	key	key_len	ref	rows	Extra
1	SIMPLE	t1	index	c1	c1	5	NULL	7	Using where; Using index
EXPLAIN SELECT * FROM t1 WHERE c1 IS NULL ORDER BY c1 DESC LIMIT 10;
id	select_type	table	type	possible_keys	key	key_len	ref	rows	Extra
1	SIMPLE	t1	ref	c1	c1	5	const	7	Using where; Using index; Using filesort
EXPLAIN SELECT * FROM t1 WHERE c1 IS NOT NULL ORDER BY c1 DESC LIMIT 10;
id	select_type	table	type	possible_keys	key	key_len	ref	rows	Extra
1	SIMPLE	t1	index	c1	c1	5	NULL	7	Using where; Using index
EXPLAIN SELECT * FROM t1 ORDER BY c1 DESC LIMIT 10;
id	select_type	table	type	possible_keys	key	key_len	ref	rows	Extra
1	SIMPLE	t1	index	NULL	c1	5	NULL	7	Using index
DROP TABLE t1;
CREATE TABLE t1 (c1 CHAR(10), INDEX(c1));
INSERT INTO t1 VALUES ("aaa"), ("bbb"), ("ccc"), ("ddd"), ("eee"), ("fff"), (NULL);
EXPLAIN SELECT * FROM t1 WHERE c1 = "cccc" ;
id	select_type	table	type	possible_keys	key	key_len	ref	rows	Extra
1	SIMPLE	t1	ref	c1	c1	31	const	7	Using where; Using index
EXPLAIN SELECT * FROM t1 WHERE c1 < "cccc" ;
id	select_type	table	type	possible_keys	key	key_len	ref	rows	Extra
1	SIMPLE	t1	index	c1	c1	31	NULL	7	Using where; Using index
EXPLAIN SELECT * FROM t1 WHERE c1 > "cccc" ;
id	select_type	table	type	possible_keys	key	key_len	ref	rows	Extra
1	SIMPLE	t1	index	c1	c1	31	NULL	7	Using where; Using index
EXPLAIN SELECT * FROM t1 WHERE c1 <= "cccc" ;
id	select_type	table	type	possible_keys	key	key_len	ref	rows	Extra
1	SIMPLE	t1	index	c1	c1	31	NULL	7	Using where; Using index
EXPLAIN SELECT * FROM t1 WHERE c1 >= "cccc" ;
id	select_type	table	type	possible_keys	key	key_len	ref	rows	Extra
1	SIMPLE	t1	index	c1	c1	31	NULL	7	Using where; Using index
EXPLAIN SELECT * FROM t1 WHERE c1 <=> "cccc" ;
id	select_type	table	type	possible_keys	key	key_len	ref	rows	Extra
1	SIMPLE	t1	ref	c1	c1	31	const	7	Using where; Using index
EXPLAIN SELECT * FROM t1 WHERE c1 != "cccc" ;
id	select_type	table	type	possible_keys	key	key_len	ref	rows	Extra
1	SIMPLE	t1	index	c1	c1	31	NULL	7	Using where; Using index
EXPLAIN SELECT * FROM t1 WHERE c1 <> "cccc" ;
id	select_type	table	type	possible_keys	key	key_len	ref	rows	Extra
1	SIMPLE	t1	index	c1	c1	31	NULL	7	Using where; Using index
EXPLAIN SELECT * FROM t1 WHERE c1 IS NULL ;
id	select_type	table	type	possible_keys	key	key_len	ref	rows	Extra
1	SIMPLE	t1	ref	c1	c1	31	const	7	Using where; Using index
EXPLAIN SELECT * FROM t1 WHERE c1 IS NOT NULL ;
id	select_type	table	type	possible_keys	key	key_len	ref	rows	Extra
1	SIMPLE	t1	index	c1	c1	31	NULL	7	Using where; Using index
EXPLAIN SELECT * FROM t1 ;
id	select_type	table	type	possible_keys	key	key_len	ref	rows	Extra
1	SIMPLE	t1	index	NULL	c1	31	NULL	7	Using index
EXPLAIN SELECT * FROM t1 WHERE c1 = "cccc" LIMIT 10;
id	select_type	table	type	possible_keys	key	key_len	ref	rows	Extra
1	SIMPLE	t1	ref	c1	c1	31	const	7	Using where; Using index
EXPLAIN SELECT * FROM t1 WHERE c1 < "cccc" LIMIT 10;
id	select_type	table	type	possible_keys	key	key_len	ref	rows	Extra
1	SIMPLE	t1	index	c1	c1	31	NULL	7	Using where; Using index
EXPLAIN SELECT * FROM t1 WHERE c1 > "cccc" LIMIT 10;
id	select_type	table	type	possible_keys	key	key_len	ref	rows	Extra
1	SIMPLE	t1	index	c1	c1	31	NULL	7	Using where; Using index
EXPLAIN SELECT * FROM t1 WHERE c1 <= "cccc" LIMIT 10;
id	select_type	table	type	possible_keys	key	key_len	ref	rows	Extra
1	SIMPLE	t1	index	c1	c1	31	NULL	7	Using where; Using index
EXPLAIN SELECT * FROM t1 WHERE c1 >= "cccc" LIMIT 10;
id	select_type	table	type	possible_keys	key	key_len	ref	rows	Extra
1	SIMPLE	t1	index	c1	c1	31	NULL	7	Using where; Using index
EXPLAIN SELECT * FROM t1 WHERE c1 <=> "cccc" LIMIT 10;
id	select_type	table	type	possible_keys	key	key_len	ref	rows	Extra
1	SIMPLE	t1	ref	c1	c1	31	const	7	Using where; Using index
EXPLAIN SELECT * FROM t1 WHERE c1 != "cccc" LIMIT 10;
id	select_type	table	type	possible_keys	key	key_len	ref	rows	Extra
1	SIMPLE	t1	index	c1	c1	31	NULL	7	Using where; Using index
EXPLAIN SELECT * FROM t1 WHERE c1 <> "cccc" LIMIT 10;
id	select_type	table	type	possible_keys	key	key_len	ref	rows	Extra
1	SIMPLE	t1	index	c1	c1	31	NULL	7	Using where; Using index
EXPLAIN SELECT * FROM t1 WHERE c1 IS NULL LIMIT 10;
id	select_type	table	type	possible_keys	key	key_len	ref	rows	Extra
1	SIMPLE	t1	ref	c1	c1	31	const	7	Using where; Using index
EXPLAIN SELECT * FROM t1 WHERE c1 IS NOT NULL LIMIT 10;
id	select_type	table	type	possible_keys	key	key_len	ref	rows	Extra
1	SIMPLE	t1	index	c1	c1	31	NULL	7	Using where; Using index
EXPLAIN SELECT * FROM t1 LIMIT 10;
id	select_type	table	type	possible_keys	key	key_len	ref	rows	Extra
1	SIMPLE	t1	index	NULL	c1	31	NULL	7	Using index
EXPLAIN SELECT * FROM t1 WHERE c1 = "cccc" ORDER BY c1 ASC;
id	select_type	table	type	possible_keys	key	key_len	ref	rows	Extra
1	SIMPLE	t1	ref	c1	c1	31	const	7	Using where; Using index
EXPLAIN SELECT * FROM t1 WHERE c1 < "cccc" ORDER BY c1 ASC;
id	select_type	table	type	possible_keys	key	key_len	ref	rows	Extra
1	SIMPLE	t1	index	c1	c1	31	NULL	7	Using where; Using index
EXPLAIN SELECT * FROM t1 WHERE c1 > "cccc" ORDER BY c1 ASC;
id	select_type	table	type	possible_keys	key	key_len	ref	rows	Extra
1	SIMPLE	t1	index	c1	c1	31	NULL	7	Using where; Using index
EXPLAIN SELECT * FROM t1 WHERE c1 <= "cccc" ORDER BY c1 ASC;
id	select_type	table	type	possible_keys	key	key_len	ref	rows	Extra
1	SIMPLE	t1	index	c1	c1	31	NULL	7	Using where; Using index
EXPLAIN SELECT * FROM t1 WHERE c1 >= "cccc" ORDER BY c1 ASC;
id	select_type	table	type	possible_keys	key	key_len	ref	rows	Extra
1	SIMPLE	t1	index	c1	c1	31	NULL	7	Using where; Using index
EXPLAIN SELECT * FROM t1 WHERE c1 <=> "cccc" ORDER BY c1 ASC;
id	select_type	table	type	possible_keys	key	key_len	ref	rows	Extra
1	SIMPLE	t1	ref	c1	c1	31	const	7	Using where; Using index
EXPLAIN SELECT * FROM t1 WHERE c1 != "cccc" ORDER BY c1 ASC;
id	select_type	table	type	possible_keys	key	key_len	ref	rows	Extra
1	SIMPLE	t1	index	c1	c1	31	NULL	7	Using where; Using index
EXPLAIN SELECT * FROM t1 WHERE c1 <> "cccc" ORDER BY c1 ASC;
id	select_type	table	type	possible_keys	key	key_len	ref	rows	Extra
1	SIMPLE	t1	index	c1	c1	31	NULL	7	Using where; Using index
EXPLAIN SELECT * FROM t1 WHERE c1 IS NULL ORDER BY c1 ASC;
id	select_type	table	type	possible_keys	key	key_len	ref	rows	Extra
1	SIMPLE	t1	ref	c1	c1	31	const	7	Using where; Using index; Using filesort
EXPLAIN SELECT * FROM t1 WHERE c1 IS NOT NULL ORDER BY c1 ASC;
id	select_type	table	type	possible_keys	key	key_len	ref	rows	Extra
1	SIMPLE	t1	index	c1	c1	31	NULL	7	Using where; Using index
EXPLAIN SELECT * FROM t1 ORDER BY c1 ASC;
id	select_type	table	type	possible_keys	key	key_len	ref	rows	Extra
1	SIMPLE	t1	index	NULL	c1	31	NULL	7	Using index
EXPLAIN SELECT * FROM t1 WHERE c1 = "cccc" ORDER BY c1 DESC;
id	select_type	table	type	possible_keys	key	key_len	ref	rows	Extra
1	SIMPLE	t1	ref	c1	c1	31	const	7	Using where; Using index
EXPLAIN SELECT * FROM t1 WHERE c1 < "cccc" ORDER BY c1 DESC;
id	select_type	table	type	possible_keys	key	key_len	ref	rows	Extra
1	SIMPLE	t1	index	c1	c1	31	NULL	7	Using where; Using index
EXPLAIN SELECT * FROM t1 WHERE c1 > "cccc" ORDER BY c1 DESC;
id	select_type	table	type	possible_keys	key	key_len	ref	rows	Extra
1	SIMPLE	t1	index	c1	c1	31	NULL	7	Using where; Using index
EXPLAIN SELECT * FROM t1 WHERE c1 <= "cccc" ORDER BY c1 DESC;
id	select_type	table	type	possible_keys	key	key_len	ref	rows	Extra
1	SIMPLE	t1	index	c1	c1	31	NULL	7	Using where; Using index
EXPLAIN SELECT * FROM t1 WHERE c1 >= "cccc" ORDER BY c1 DESC;
id	select_type	table	type	possible_keys	key	key_len	ref	rows	Extra
1	SIMPLE	t1	index	c1	c1	31	NULL	7	Using where; Using index
EXPLAIN SELECT * FROM t1 WHERE c1 <=> "cccc" ORDER BY c1 DESC;
id	select_type	table	type	possible_keys	key	key_len	ref	rows	Extra
1	SIMPLE	t1	ref	c1	c1	31	const	7	Using where; Using index
EXPLAIN SELECT * FROM t1 WHERE c1 != "cccc" ORDER BY c1 DESC;
id	select_type	table	type	possible_keys	key	key_len	ref	rows	Extra
1	SIMPLE	t1	index	c1	c1	31	NULL	7	Using where; Using index
EXPLAIN SELECT * FROM t1 WHERE c1 <> "cccc" ORDER BY c1 DESC;
id	select_type	table	type	possible_keys	key	key_len	ref	rows	Extra
1	SIMPLE	t1	index	c1	c1	31	NULL	7	Using where; Using index
EXPLAIN SELECT * FROM t1 WHERE c1 IS NULL ORDER BY c1 DESC;
id	select_type	table	type	possible_keys	key	key_len	ref	rows	Extra
1	SIMPLE	t1	ref	c1	c1	31	const	7	Using where; Using index; Using filesort
EXPLAIN SELECT * FROM t1 WHERE c1 IS NOT NULL ORDER BY c1 DESC;
id	select_type	table	type	possible_keys	key	key_len	ref	rows	Extra
1	SIMPLE	t1	index	c1	c1	31	NULL	7	Using where; Using index
EXPLAIN SELECT * FROM t1 ORDER BY c1 DESC;
id	select_type	table	type	possible_keys	key	key_len	ref	rows	Extra
1	SIMPLE	t1	index	NULL	c1	31	NULL	7	Using index
EXPLAIN SELECT * FROM t1 WHERE c1 = "cccc" ORDER BY c1 ASC LIMIT 10;
id	select_type	table	type	possible_keys	key	key_len	ref	rows	Extra
1	SIMPLE	t1	ref	c1	c1	31	const	7	Using where; Using index
EXPLAIN SELECT * FROM t1 WHERE c1 < "cccc" ORDER BY c1 ASC LIMIT 10;
id	select_type	table	type	possible_keys	key	key_len	ref	rows	Extra
1	SIMPLE	t1	index	c1	c1	31	NULL	7	Using where; Using index
EXPLAIN SELECT * FROM t1 WHERE c1 > "cccc" ORDER BY c1 ASC LIMIT 10;
id	select_type	table	type	possible_keys	key	key_len	ref	rows	Extra
1	SIMPLE	t1	index	c1	c1	31	NULL	7	Using where; Using index
EXPLAIN SELECT * FROM t1 WHERE c1 <= "cccc" ORDER BY c1 ASC LIMIT 10;
id	select_type	table	type	possible_keys	key	key_len	ref	rows	Extra
1	SIMPLE	t1	index	c1	c1	31	NULL	7	Using where; Using index
EXPLAIN SELECT * FROM t1 WHERE c1 >= "cccc" ORDER BY c1 ASC LIMIT 10;
id	select_type	table	type	possible_keys	key	key_len	ref	rows	Extra
1	SIMPLE	t1	index	c1	c1	31	NULL	7	Using where; Using index
EXPLAIN SELECT * FROM t1 WHERE c1 <=> "cccc" ORDER BY c1 ASC LIMIT 10;
id	select_type	table	type	possible_keys	key	key_len	ref	rows	Extra
1	SIMPLE	t1	ref	c1	c1	31	const	7	Using where; Using index
EXPLAIN SELECT * FROM t1 WHERE c1 != "cccc" ORDER BY c1 ASC LIMIT 10;
id	select_type	table	type	possible_keys	key	key_len	ref	rows	Extra
1	SIMPLE	t1	index	c1	c1	31	NULL	7	Using where; Using index
EXPLAIN SELECT * FROM t1 WHERE c1 <> "cccc" ORDER BY c1 ASC LIMIT 10;
id	select_type	table	type	possible_keys	key	key_len	ref	rows	Extra
1	SIMPLE	t1	index	c1	c1	31	NULL	7	Using where; Using index
EXPLAIN SELECT * FROM t1 WHERE c1 IS NULL ORDER BY c1 ASC LIMIT 10;
id	select_type	table	type	possible_keys	key	key_len	ref	rows	Extra
1	SIMPLE	t1	ref	c1	c1	31	const	7	Using where; Using index; Using filesort
EXPLAIN SELECT * FROM t1 WHERE c1 IS NOT NULL ORDER BY c1 ASC LIMIT 10;
id	select_type	table	type	possible_keys	key	key_len	ref	rows	Extra
1	SIMPLE	t1	index	c1	c1	31	NULL	7	Using where; Using index
EXPLAIN SELECT * FROM t1 ORDER BY c1 ASC LIMIT 10;
id	select_type	table	type	possible_keys	key	key_len	ref	rows	Extra
1	SIMPLE	t1	index	NULL	c1	31	NULL	7	Using index
EXPLAIN SELECT * FROM t1 WHERE c1 = "cccc" ORDER BY c1 DESC LIMIT 10;
id	select_type	table	type	possible_keys	key	key_len	ref	rows	Extra
1	SIMPLE	t1	ref	c1	c1	31	const	7	Using where; Using index
EXPLAIN SELECT * FROM t1 WHERE c1 < "cccc" ORDER BY c1 DESC LIMIT 10;
id	select_type	table	type	possible_keys	key	key_len	ref	rows	Extra
1	SIMPLE	t1	index	c1	c1	31	NULL	7	Using where; Using index
EXPLAIN SELECT * FROM t1 WHERE c1 > "cccc" ORDER BY c1 DESC LIMIT 10;
id	select_type	table	type	possible_keys	key	key_len	ref	rows	Extra
1	SIMPLE	t1	index	c1	c1	31	NULL	7	Using where; Using index
EXPLAIN SELECT * FROM t1 WHERE c1 <= "cccc" ORDER BY c1 DESC LIMIT 10;
id	select_type	table	type	possible_keys	key	key_len	ref	rows	Extra
1	SIMPLE	t1	index	c1	c1	31	NULL	7	Using where; Using index
EXPLAIN SELECT * FROM t1 WHERE c1 >= "cccc" ORDER BY c1 DESC LIMIT 10;
id	select_type	table	type	possible_keys	key	key_len	ref	rows	Extra
1	SIMPLE	t1	index	c1	c1	31	NULL	7	Using where; Using index
EXPLAIN SELECT * FROM t1 WHERE c1 <=> "cccc" ORDER BY c1 DESC LIMIT 10;
id	select_type	table	type	possible_keys	key	key_len	ref	rows	Extra
1	SIMPLE	t1	ref	c1	c1	31	const	7	Using where; Using index
EXPLAIN SELECT * FROM t1 WHERE c1 != "cccc" ORDER BY c1 DESC LIMIT 10;
id	select_type	table	type	possible_keys	key	key_len	ref	rows	Extra
1	SIMPLE	t1	index	c1	c1	31	NULL	7	Using where; Using index
EXPLAIN SELECT * FROM t1 WHERE c1 <> "cccc" ORDER BY c1 DESC LIMIT 10;
id	select_type	table	type	possible_keys	key	key_len	ref	rows	Extra
1	SIMPLE	t1	index	c1	c1	31	NULL	7	Using where; Using index
EXPLAIN SELECT * FROM t1 WHERE c1 IS NULL ORDER BY c1 DESC LIMIT 10;
id	select_type	table	type	possible_keys	key	key_len	ref	rows	Extra
1	SIMPLE	t1	ref	c1	c1	31	const	7	Using where; Using index; Using filesort
EXPLAIN SELECT * FROM t1 WHERE c1 IS NOT NULL ORDER BY c1 DESC LIMIT 10;
id	select_type	table	type	possible_keys	key	key_len	ref	rows	Extra
1	SIMPLE	t1	index	c1	c1	31	NULL	7	Using where; Using index
EXPLAIN SELECT * FROM t1 ORDER BY c1 DESC LIMIT 10;
id	select_type	table	type	possible_keys	key	key_len	ref	rows	Extra
1	SIMPLE	t1	index	NULL	c1	31	NULL	7	Using index
DROP TABLE t1;
